Team,Player,Goals,Points,GP,TOI,Pos,Point.Shares
Montreal Canadiens,Max Pacioretty,35,67,81,1553,LW,9.3
Montreal Canadiens,Alexander Radulov,18,54,76,1390,RW,6.1
Montreal Canadiens,Alex Galchenyuk,17,44,61,972,C,4.9
Montreal Canadiens,Paul Byron,22,43,81,1220,LW,6
Montreal Canadiens,Shea Weber,17,42,78,1955,D,10.1
Montreal Canadiens,Phillip Danault,13,40,82,1278,LW,3.9
Montreal Canadiens,Andrei Markov,6,36,62,1354,D,7.5
Montreal Canadiens,Andrew Shaw,12,29,68,1034,C,3
Montreal Canadiens,Brendan Gallagher,10,29,64,966,RW,3
Montreal Canadiens,Artturi Lehkonen,18,28,73,1012,LW,3.4
Montreal Canadiens,Tomas Plekanec,10,28,78,1312,C,2.4
Montreal Canadiens,Jeff Petry,8,28,80,1769,D,6
Montreal Canadiens,Nathan Beaulieu,4,28,74,1442,D,5.6
Montreal Canadiens,Torrey Mitchell,8,17,78,983,C,1.3
Montreal Canadiens,Brian Flynn,6,10,51,615,C,0.8
Montreal Canadiens,David Desharnais,4,10,31,406,C,1.1
Montreal Canadiens,Alexei Emelin,2,10,76,1620,D,3
Montreal Canadiens,Daniel Carr,2,9,33,338,LW,0.8
Montreal Canadiens,Sven Andrighetto,2,8,27,310,RW,0.6
Montreal Canadiens,Greg Pateryn,1,6,24,345,D,1.2
Montreal Canadiens,Michael McCarron,1,5,31,307,RW,0
Montreal Canadiens,Nikita Nesterov,1,5,13,201,D,1.1
Montreal Canadiens,Zach Redmond,0,5,16,197,D,1.2
Montreal Canadiens,Chris Terry,2,4,14,138,LW,0.4
Montreal Canadiens,Mark Barberio,0,4,26,393,D,0.9
Montreal Canadiens,Jordie Benn,2,2,13,219,D,0.6
Montreal Canadiens,Brandon Davidson,0,2,10,166,D,0.1
Montreal Canadiens,Charles Hudon,0,2,3,36,LW,0.2
Montreal Canadiens,Al Montoya,0,2,19,1125,G,3.3
Montreal Canadiens,Dwight King,1,1,17,208,LW,-0.2
Montreal Canadiens,Nikita Scherbak,1,1,3,34,RW,0.2
Montreal Canadiens,Steve Ott,0,1,11,131,C,-0.2
Montreal Canadiens,Carey Price,0,1,62,3708,G,12.6
Montreal Canadiens,Jacob de La Rose,0,0,9,98,LW,-0.3
Montreal Canadiens,Bobby Farnham,0,0,3,25,RW,0
Montreal Canadiens,Joel Hanley,0,0,7,71,D,-0.2
Montreal Canadiens,Ryan Johnston,0,0,7,69,D,-0.2
Montreal Canadiens,Brett Lernout,0,0,2,38,D,0
Montreal Canadiens,Charlie Lindgren,0,0,2,122,G,0.6
Montreal Canadiens,Andreas Martinsen,0,0,9,107,LW,-0.3
Montreal Canadiens,Mikhail Sergachev,0,0,4,49,D,0.1
Ottawa Senators,Erik Karlsson,17,71,77,2066,D,12.9
Ottawa Senators,Mike Hoffman,26,61,74,1302,LW,8.3
Ottawa Senators,Kyle Turris,27,55,78,1521,C,6.5
Ottawa Senators,Mark Stone,22,54,71,1318,RW,6.8
Ottawa Senators,Derick Brassard,14,39,81,1408,C,4.1
Ottawa Senators,Jean-Gabriel Pageau,12,33,82,1323,C,3.4
Ottawa Senators,Zack Smith,16,32,74,1212,C,3.6
Ottawa Senators,Ryan Dzingel,14,32,81,1165,LW,3.5
Ottawa Senators,Dion Phaneuf,9,30,81,1866,D,5.9
Ottawa Senators,Bobby Ryan,13,25,62,963,RW,2.5
Ottawa Senators,Tom Pyatt,9,23,82,1281,LW,1.8
Ottawa Senators,Chris Wideman,5,17,76,1061,D,4.2
Ottawa Senators,Cody Ceci,2,17,79,1833,D,3.2
Ottawa Senators,Chris Kelly,5,12,82,979,C,-0.4
Ottawa Senators,Marc Methot,0,12,68,1348,D,3.9
Ottawa Senators,Alexandre Burrows,6,11,20,276,LW,1.7
Ottawa Senators,Fredrik Claesson,3,11,33,434,D,2.4
Ottawa Senators,Viktor Stalberg,2,4,18,248,LW,0.1
Ottawa Senators,Tommy Wingels,2,4,36,395,C,-0.4
Ottawa Senators,Chris Neil,1,4,53,401,RW,-0.6
Ottawa Senators,Mark Borowiecki,1,3,70,981,D,1.3
Ottawa Senators,Craig Anderson,0,1,40,2421,G,9.2
Ottawa Senators,Curtis Lazar,0,1,33,291,RW,-0.8
Ottawa Senators,Casey Bailey,0,0,7,56,RW,-0.1
Ottawa Senators,Mike Blunden,0,0,2,16,RW,0
Ottawa Senators,Thomas Chabot,0,0,1,7,D,-0.2
Ottawa Senators,Mike Condon,0,0,40,2304,G,6.7
Ottawa Senators,Chris Didomenico,0,0,3,33,RW,-0.1
Ottawa Senators,Chris Driedger,0,0,1,40,G,-0.2
Ottawa Senators,Andreas Englund,0,0,5,53,D,-0.2
Ottawa Senators,Andrew Hammond,0,0,6,206,G,-0.3
Ottawa Senators,Ben Harpur,0,0,6,107,D,0
Ottawa Senators,Jyrki Jokipakka,0,0,3,43,D,0
Ottawa Senators,Clarke MacArthur,0,0,4,54,LW,-0.1
Ottawa Senators,Max McCormick,0,0,7,47,RW,-0.2
Ottawa Senators,Nick Paul,0,0,1,16,LW,-0.1
Ottawa Senators,Matt Puempel,0,0,13,111,LW,-0.4
Ottawa Senators,Buddy Robinson,0,0,4,28,RW,0
Ottawa Senators,Phil Varone,0,0,7,56,C,-0.2
Ottawa Senators,Colin White,0,0,2,27,C,0
Boston Bruins,Brad Marchand,39,85,80,1555,LW,12.6
Boston Bruins,David Pastrnak,34,70,75,1349,RW,10.3
Boston Bruins,David Krejci,23,54,82,1498,C,6
Boston Bruins,Patrice Bergeron,21,53,79,1534,C,6.6
Boston Bruins,Torey Krug,8,51,81,1750,D,7.9
Boston Bruins,Ryan Spooner,11,39,78,1099,C,3.7
Boston Bruins,David Backes,17,38,74,1267,RW,4.5
Boston Bruins,Zdeno Chara,10,29,75,1750,D,8
Boston Bruins,Dominic Moore,11,25,82,1061,C,2.6
Boston Bruins,Frank Vatrano,10,18,44,593,C,2.2
Boston Bruins,Riley Nash,7,17,81,1118,C,1
Boston Bruins,Brandon Carlo,6,16,82,1707,D,5.2
Boston Bruins,Tim Schaller,7,14,59,724,C,1.1
Boston Bruins,Colin Miller,6,13,61,965,D,3.3
Boston Bruins,Austin Czarnik,5,13,49,638,C,0.7
Boston Bruins,Kevan Miller,3,13,58,1032,D,3.1
Boston Bruins,Adam McQuaid,2,10,77,1405,D,3.3
Boston Bruins,Drew Stafford,4,8,18,257,RW,1.3
Boston Bruins,Matt Beleskey,3,8,49,650,LW,-0.2
Boston Bruins,Noel Acciari,2,5,29,301,C,0.5
Boston Bruins,Jimmy Hayes,2,5,58,535,RW,-0.1
Boston Bruins,John-Michael Liles,0,5,36,583,D,1.3
Boston Bruins,Anton Blidh,1,2,19,167,LW,0
Boston Bruins,Peter Cehlarik,0,2,11,153,LW,0
Boston Bruins,Tuukka Rask,0,2,65,3680,G,9.8
Boston Bruins,Anton Khudobin,0,1,16,885,G,1.9
Boston Bruins,Sean Kuraly,0,1,8,74,C,0
Boston Bruins,Joseph Morrow,0,1,17,264,D,0.1
Boston Bruins,Jakob Forsbacka Karlsson,0,0,1,8,C,0
Boston Bruins,Matthew Grzelcyk,0,0,2,25,D,0
Boston Bruins,Danton Heinen,0,0,8,106,C,-0.3
Boston Bruins,Zane McIntyre,0,0,8,333,G,-0.1
Boston Bruins,Rob O'Gara,0,0,3,48,D,0.1
Boston Bruins,Malcolm Subban,0,0,1,31,G,-0.1
Toronto Maple Leafs,Auston Matthews,40,69,82,1446,C,9.7
Toronto Maple Leafs,James van Riemsdyk,29,62,82,1303,LW,7.7
Toronto Maple Leafs,Nazem Kadri,32,61,82,1360,C,7.6
Toronto Maple Leafs,William Nylander,22,61,81,1297,C,6.8
Toronto Maple Leafs,Mitch Marner,19,61,77,1294,C,6.6
Toronto Maple Leafs,Tyler Bozak,18,55,78,1282,C,5.8
Toronto Maple Leafs,Jake Gardiner,9,43,82,1766,D,8.7
Toronto Maple Leafs,Connor Brown,20,36,82,1329,RW,4
Toronto Maple Leafs,Nikita Zaitsev,4,36,82,1806,D,3.6
Toronto Maple Leafs,Leo Komarov,14,32,82,1400,C,2.8
Toronto Maple Leafs,Zach Hyman,10,28,82,1369,C,1.8
Toronto Maple Leafs,Morgan Rielly,6,27,76,1685,D,2.9
Toronto Maple Leafs,Matt Hunwick,1,19,72,1294,D,3.6
Toronto Maple Leafs,Roman Polak,4,11,75,1344,D,3.2
Toronto Maple Leafs,Josh Leivo,2,10,13,163,LW,1.1
Toronto Maple Leafs,Matt Martin,5,9,82,730,LW,0.2
Toronto Maple Leafs,Nikita Soshnikov,5,9,56,608,RW,0.5
Toronto Maple Leafs,Connor Carrick,2,8,67,1095,D,2.3
Toronto Maple Leafs,Martin Marincin,1,7,25,451,D,1.4
Toronto Maple Leafs,Ben Smith,2,4,36,416,RW,-0.3
Toronto Maple Leafs,Frederik Gauthier,2,3,21,204,C,0.3
Toronto Maple Leafs,Brian Boyle,0,3,21,238,C,-0.2
Toronto Maple Leafs,Alexey Marchenko,1,2,11,156,D,0.5
Toronto Maple Leafs,Milan Michalek,1,2,5,71,LW,0.1
Toronto Maple Leafs,Kasperi Kapanen,1,1,8,86,RW,0
Toronto Maple Leafs,Frederik Andersen,0,1,66,3799,G,13.1
Toronto Maple Leafs,Peter Holland,0,1,8,86,C,-0.1
Toronto Maple Leafs,Antoine Bibeau,0,0,2,121,G,0.4
Toronto Maple Leafs,Frank Corrado,0,0,2,28,D,0
Toronto Maple Leafs,Jhonas Enroth,0,0,6,274,G,0.2
Toronto Maple Leafs,Eric Fehr,0,0,1,11,C,-0.1
Toronto Maple Leafs,Byron Froese,0,0,2,16,C,0
Toronto Maple Leafs,Seth Griffith,0,0,3,28,C,-0.1
Toronto Maple Leafs,Curtis McElhinney,0,0,14,759,G,2.5
Tampa Bay Lightning,Nikita Kucherov,40,85,74,1438,RW,12
Tampa Bay Lightning,Victor Hedman,16,72,79,1936,D,12
Tampa Bay Lightning,Jonathan Drouin,21,53,73,1293,LW,5.5
Tampa Bay Lightning,Ondrej Palat,17,52,75,1434,LW,5.6
Tampa Bay Lightning,Tyler Johnson,19,45,66,1242,C,4.8
Tampa Bay Lightning,Brayden Point,18,40,68,1165,C,4.7
Tampa Bay Lightning,Alex Killorn,19,36,81,1458,LW,3.3
Tampa Bay Lightning,Valtteri Filppula,7,34,59,1033,C,2.9
Tampa Bay Lightning,Vladislav Namestnikov,10,28,74,1094,C,2.2
Tampa Bay Lightning,Brian Boyle,13,22,54,740,C,2.9
Tampa Bay Lightning,Anton Stralman,5,22,73,1672,D,4.8
Tampa Bay Lightning,Steven Stamkos,9,20,17,304,C,2.8
Tampa Bay Lightning,Andrej Sustr,3,14,80,1407,D,2.5
Tampa Bay Lightning,Braydon Coburn,5,12,80,1339,D,3.2
Tampa Bay Lightning,Nikita Nesterov,3,12,35,580,D,2
Tampa Bay Lightning,Jake Dotchin,0,11,35,645,D,2.7
Tampa Bay Lightning,Cedric Paquette,4,10,58,668,C,0.2
Tampa Bay Lightning,Jason Garrison,1,9,70,1300,D,1.8
Tampa Bay Lightning,Yanni Gourde,6,8,20,307,C,1
Tampa Bay Lightning,J.T. Brown,3,6,64,664,RW,-0.4
Tampa Bay Lightning,Ryan Callahan,2,4,18,255,RW,0.1
Tampa Bay Lightning,Gabriel Dumont,2,4,39,377,C,0.1
Tampa Bay Lightning,Cory Conacher,1,4,11,127,LW,0.3
Tampa Bay Lightning,Slater Koekkoek,0,4,29,377,D,0.5
Tampa Bay Lightning,Luke Witkowski,0,4,34,336,D,0.7
Tampa Bay Lightning,Adam Erne,3,3,26,307,LW,-0.2
Tampa Bay Lightning,Michael Bournival,2,3,19,193,LW,0.1
Tampa Bay Lightning,Joel Vermin,0,3,18,197,RW,0.1
Tampa Bay Lightning,Matthew Peca,1,2,10,114,C,0
Tampa Bay Lightning,Andrei Vasilevskiy,0,2,50,2831,G,9.3
Tampa Bay Lightning,Greg McKegg,0,1,15,139,C,0
Tampa Bay Lightning,Ben Bishop,0,0,32,1813,G,4.9
Tampa Bay Lightning,Peter Budaj,0,0,7,279,G,0.5
Tampa Bay Lightning,Erik Condra,0,0,13,125,RW,-0.4
Tampa Bay Lightning,Byron Froese,0,0,4,47,C,-0.2
Tampa Bay Lightning,Kristers Gudlevskis,0,0,1,11,G,0
Tampa Bay Lightning,Tanner Richard,0,0,3,38,C,-0.1
Florida Panthers,Vincent Trocheck,23,54,82,1708,C,5.5
Florida Panthers,Aleksander Barkov,21,52,61,1184,C,6.9
Florida Panthers,Jon Marchessault,30,51,75,1268,C,6.2
Florida Panthers,Jaromir Jagr,16,46,82,1394,RW,4.9
Florida Panthers,Keith Yandle,5,41,82,1807,D,6.9
Florida Panthers,Reilly Smith,15,37,80,1468,RW,3.1
Florida Panthers,Jussi Jokinen,11,28,69,1201,LW,1.9
Florida Panthers,Jason Demers,9,28,81,1588,D,4.9
Florida Panthers,Jonathan Huberdeau,10,26,31,556,LW,3.1
Florida Panthers,Colton Sceviour,9,24,80,1171,C,1.3
Florida Panthers,Aaron Ekblad,10,21,68,1459,D,3.4
Florida Panthers,Michael Matheson,7,17,81,1705,D,4.4
Florida Panthers,Mark Pysyk,4,17,82,1522,D,4.3
Florida Panthers,Derek MacKenzie,6,16,82,1030,C,0.6
Florida Panthers,Nick Bjugstad,7,14,54,710,C,0.5
Florida Panthers,Alex Petrovic,1,14,49,889,D,2.7
Florida Panthers,Denis Malgin,6,10,47,528,C,0.8
Florida Panthers,Thomas Vanek,2,10,20,278,LW,0.6
Florida Panthers,Michael Sgarbossa,2,7,29,339,C,0.4
Florida Panthers,Jared McCann,1,7,29,337,C,0.3
Florida Panthers,Greg McKegg,3,6,31,317,C,0.3
Florida Panthers,Seth Griffith,0,5,21,277,C,0.4
Florida Panthers,Shawn Thornton,2,4,50,384,LW,-0.2
Florida Panthers,Jakub Kindl,0,4,39,573,D,0.2
Florida Panthers,Shane Harper,2,3,14,144,RW,0.3
Florida Panthers,Kyle Rau,2,3,24,230,C,0.1
Florida Panthers,Paul Thompson,0,3,21,166,RW,-0.1
Florida Panthers,Dylan McIlrath,1,1,5,48,D,0.1
Florida Panthers,Roberto Luongo,0,1,40,2327,G,7.4
Florida Panthers,Ian McCoshen,0,1,3,40,D,0.2
Florida Panthers,Reto Berra,0,0,7,313,G,0.2
Florida Panthers,Steven Kampfer,0,0,1,17,D,-0.1
Florida Panthers,James Reimer,0,0,43,2325,G,8.1
Florida Panthers,MacKenzie Weegar,0,0,3,52,D,0.1
Buffalo Sabres,Jack Eichel,24,57,61,1215,C,6.6
Buffalo Sabres,Ryan O'Reilly,20,55,72,1545,C,6
Buffalo Sabres,Sam Reinhart,17,47,79,1360,C,4.6
Buffalo Sabres,Kyle Okposo,19,45,65,1233,RW,5
Buffalo Sabres,Rasmus Ristolainen,6,45,79,2091,D,7.6
Buffalo Sabres,Evander Kane,28,43,70,1344,LW,5.1
Buffalo Sabres,Brian Gionta,15,35,82,1362,RW,3
Buffalo Sabres,Matt Moulson,14,32,81,940,LW,3.5
Buffalo Sabres,Marcus Foligno,13,23,80,1238,LW,2.1
Buffalo Sabres,Jake McCabe,3,20,76,1574,D,4
Buffalo Sabres,Cody Franson,3,19,68,1257,D,3.6
Buffalo Sabres,Zemgus Girgensons,7,16,75,987,C,0.8
Buffalo Sabres,Tyler Ennis,5,13,51,655,LW,0.6
Buffalo Sabres,Johan Larsson,6,11,36,607,C,0.7
Buffalo Sabres,Zach Bogosian,2,11,56,1125,D,1.4
Buffalo Sabres,William Carrier,5,8,41,369,LW,0.8
Buffalo Sabres,Justin Falk,0,8,52,712,D,1.5
Buffalo Sabres,Taylor Fedun,0,7,27,361,D,1.5
Buffalo Sabres,Evan Rodrigues,4,6,30,388,LW,0.2
Buffalo Sabres,Josh Gorges,1,6,66,1218,D,2.1
Buffalo Sabres,Dmitry Kulikov,2,5,47,1029,D,-0.1
Buffalo Sabres,Nicholas Baptiste,3,4,14,129,RW,0.6
Buffalo Sabres,Justin Bailey,2,4,32,340,RW,0.1
Buffalo Sabres,Derek Grant,0,3,40,397,C,-0.4
Buffalo Sabres,Nicolas Deslauriers,0,2,42,311,LW,-0.5
Buffalo Sabres,Hudson Fasching,0,1,10,104,RW,-0.1
Buffalo Sabres,Robin Lehner,0,1,59,3405,G,12.9
Buffalo Sabres,Alexander Nylander,0,1,4,49,RW,0
Buffalo Sabres,Cal O'Reilly,0,1,11,87,C,-0.3
Buffalo Sabres,Cole Schneider,0,1,4,29,LW,0.2
Buffalo Sabres,C.J. Smith,0,1,2,23,LW,0
Buffalo Sabres,Brady Austin,0,0,5,80,D,0.1
Buffalo Sabres,Erik Burgdoerfer,0,0,2,22,D,-0.1
Buffalo Sabres,Brendan Guhle,0,0,3,49,D,0.1
Buffalo Sabres,Sean Malone,0,0,1,12,C,0
Buffalo Sabres,Casey Nelson,0,0,11,139,D,-0.1
Buffalo Sabres,Anders Nilsson,0,0,26,1484,G,6
Buffalo Sabres,Linus Ullmark,0,0,1,59,G,0.2
Detroit Red Wings,Henrik Zetterberg,17,68,82,1617,LW,7.6
Detroit Red Wings,Gustav Nyquist,12,48,76,1325,RW,4.7
Detroit Red Wings,Tomas Tatar,25,46,82,1417,LW,5.4
Detroit Red Wings,Frans Nielsen,17,41,79,1355,C,3.6
Detroit Red Wings,Thomas Vanek,15,38,48,702,LW,4.9
Detroit Red Wings,Anthony Mantha,17,36,60,954,RW,4.9
Detroit Red Wings,Mike Green,14,36,72,1696,D,5.8
Detroit Red Wings,Dylan Larkin,17,32,80,1292,C,2.3
Detroit Red Wings,Andreas Athanasiou,18,29,64,862,C,3.6
Detroit Red Wings,Justin Abdelkader,7,21,64,1066,LW,0.7
Detroit Red Wings,Darren Helm,8,17,50,768,C,1.4
Detroit Red Wings,Luke Glendening,3,14,74,956,C,0
Detroit Red Wings,Nick Jensen,4,13,49,870,D,2.3
Detroit Red Wings,Niklas Kronwall,2,13,57,1109,D,2.3
Detroit Red Wings,Riley Sheahan,2,13,80,1118,C,-1.2
Detroit Red Wings,Danny DeKeyser,4,12,82,1800,D,2
Detroit Red Wings,Xavier Ouellet,3,12,66,1186,D,3.2
Detroit Red Wings,Jonathan Ericsson,1,9,51,980,D,2.1
Detroit Red Wings,Drew Miller,5,7,55,565,LW,0
Detroit Red Wings,Ryan Sproul,1,7,27,409,D,0.7
Detroit Red Wings,Steve Ott,3,6,42,439,C,0.1
Detroit Red Wings,Alexey Marchenko,0,6,30,539,D,1.8
Detroit Red Wings,Brendan Smith,2,5,33,618,D,1.4
Detroit Red Wings,Tomas Nosek,1,1,11,111,LW,0
Detroit Red Wings,Matthew Lorito,0,1,2,29,LW,0.1
Detroit Red Wings,Ben Street,0,1,6,50,C,0.1
Detroit Red Wings,Tyler Bertuzzi,0,0,7,64,LW,-0.1
Detroit Red Wings,Mitch Callahan,0,0,4,27,RW,0
Detroit Red Wings,Jared Coreau,0,0,14,712,G,1
Detroit Red Wings,Jimmy Howard,0,0,26,1397,G,5.1
Detroit Red Wings,Tomas Jurco,0,0,16,161,RW,-0.6
Detroit Red Wings,Brian Lashoff,0,0,5,63,D,-0.2
Detroit Red Wings,Petr Mrazek,0,0,50,2858,G,6.5
Detroit Red Wings,Dan Renouf,0,0,1,14,D,0
Detroit Red Wings,Robbie Russo,0,0,19,305,D,0.5
Detroit Red Wings,Evgeny Svechnikov,0,0,2,26,RW,0
Columbus Blue Jackets,Cam Atkinson,35,62,82,1483,RW,8.9
Columbus Blue Jackets,Alexander Wennberg,13,59,80,1470,C,5.9
Columbus Blue Jackets,Brandon Saad,24,53,82,1396,LW,7.2
Columbus Blue Jackets,Nick Foligno,26,51,79,1456,LW,5.9
Columbus Blue Jackets,Sam Gagner,18,50,81,1111,C,6.1
Columbus Blue Jackets,Zach Werenski,11,47,78,1631,D,9.1
Columbus Blue Jackets,Seth Jones,12,42,75,1755,D,7.8
Columbus Blue Jackets,Brandon Dubinsky,12,41,80,1432,C,4.1
Columbus Blue Jackets,Scott Hartnell,13,37,78,941,LW,4.6
Columbus Blue Jackets,Boone Jenner,18,33,82,1317,C,4
Columbus Blue Jackets,Josh Anderson,17,29,78,938,RW,4
Columbus Blue Jackets,William Karlsson,6,25,81,1084,C,2
Columbus Blue Jackets,David Savard,6,23,74,1616,D,7.1
Columbus Blue Jackets,Jack Johnson,5,23,82,1789,D,6.3
Columbus Blue Jackets,Matt Calvert,10,15,65,868,LW,1.1
Columbus Blue Jackets,Lukas Sedlak,7,13,62,603,LW,1.6
Columbus Blue Jackets,Oliver Bjorkstrand,6,13,26,366,RW,1.7
Columbus Blue Jackets,Ryan Murray,2,11,60,1100,D,2.4
Columbus Blue Jackets,Markus Nutivaara,2,7,66,872,D,2.2
Columbus Blue Jackets,Kyle Quincey,2,3,20,318,D,0.8
Columbus Blue Jackets,Scott Harrington,1,3,22,286,D,0.9
Columbus Blue Jackets,Dalton Prout,0,3,15,196,D,0.8
Columbus Blue Jackets,Markus Hannikainen,1,2,10,91,LW,0.2
Columbus Blue Jackets,Gabriel Carlsson,0,1,2,34,D,0
Columbus Blue Jackets,Sergei Bobrovsky,0,0,63,3707,G,14.9
Columbus Blue Jackets,Anton Forsberg,0,0,1,59,G,0
Columbus Blue Jackets,Lauri Korpikoski,0,0,9,74,LW,-0.1
Columbus Blue Jackets,Joonas Korpisalo,0,0,14,791,G,2
Columbus Blue Jackets,Curtis McElhinney,0,0,7,376,G,1.4
Columbus Blue Jackets,Sonny Milano,0,0,4,47,LW,-0.2
Columbus Blue Jackets,T.J. Tynan,0,0,3,22,RW,-0.1
Washington Capitals,Nicklas Backstrom,23,86,82,1497,C,9.9
Washington Capitals,Alex Ovechkin,33,69,82,1506,LW,8.7
Washington Capitals,Evgeny Kuznetsov,19,59,82,1390,C,6.7
Washington Capitals,Marcus Johansson,24,58,82,1394,LW,7.5
Washington Capitals,T.J. Oshie,33,56,68,1214,RW,8.7
Washington Capitals,Justin Williams,24,48,80,1238,RW,6.2
Washington Capitals,Matt Niskanen,5,39,78,1730,D,7.4
Washington Capitals,John Carlson,9,37,72,1635,D,6.5
Washington Capitals,Andre Burakovsky,12,35,64,849,LW,4.1
Washington Capitals,Dmitry Orlov,6,33,82,1602,D,7.7
Washington Capitals,Jay Beagle,13,30,81,1104,RW,3.5
Washington Capitals,Lars Eller,12,25,81,1126,C,2.6
Washington Capitals,Daniel Winnik,12,25,72,930,LW,3
Washington Capitals,Brett Connolly,15,23,66,706,RW,3.7
Washington Capitals,Tom Wilson,7,19,82,1060,RW,1.3
Washington Capitals,Nate Schmidt,3,17,60,929,D,4.5
Washington Capitals,Kevin Shattenkirk,2,14,19,384,D,2.3
Washington Capitals,Brooks Orpik,0,14,79,1405,D,5
Washington Capitals,Karl Alzner,3,13,82,1623,D,4.6
Washington Capitals,Jakub Vrana,3,6,21,233,LW,0.6
Washington Capitals,Taylor Chorney,1,5,18,257,D,1.5
Washington Capitals,Zachary Sanford,2,3,26,264,C,0.1
Washington Capitals,Riley Barber,0,0,3,26,RW,0
Washington Capitals,Paul Carey,0,0,6,63,C,-0.2
Washington Capitals,Philipp Grubauer,0,0,24,1265,G,4.4
Washington Capitals,Braden Holtby,0,0,63,3680,G,12.3
Washington Capitals,Garrett Mitchell,0,0,1,9,RW,0
Washington Capitals,Aaron Ness,0,0,2,26,D,-0.1
Washington Capitals,Liam O'Brien,0,0,1,6,LW,0
Washington Capitals,Chandler Stephenson,0,0,4,36,C,-0.1
Pittsburgh Penguins,Sidney Crosby,44,89,75,1491,C,12.3
Pittsburgh Penguins,Evgeni Malkin,33,72,62,1154,C,9.9
Pittsburgh Penguins,Phil Kessel,23,70,82,1471,RW,7.3
Pittsburgh Penguins,Conor Sheary,23,53,61,972,LW,7.3
Pittsburgh Penguins,Justin Schultz,12,51,78,1595,D,9.2
Pittsburgh Penguins,Patric Hornqvist,21,44,70,1117,RW,5.5
Pittsburgh Penguins,Nick Bonino,18,37,80,1332,C,3
Pittsburgh Penguins,Kris Letang,5,34,41,1046,D,4.5
Pittsburgh Penguins,Jake Guentzel,16,33,40,635,C,4.4
Pittsburgh Penguins,Matt Cullen,13,31,72,1002,C,2.9
Pittsburgh Penguins,Chris Kunitz,9,29,71,1101,LW,1.9
Pittsburgh Penguins,Bryan Rust,15,28,57,777,RW,3.3
Pittsburgh Penguins,Scott Wilson,8,26,78,854,LW,2
Pittsburgh Penguins,Ian Cole,5,26,81,1605,D,5.6
Pittsburgh Penguins,Carl Hagelin,6,22,61,945,LW,1.5
Pittsburgh Penguins,Trevor Daley,5,19,56,1141,D,3.2
Pittsburgh Penguins,Tom Kuhnhackl,4,16,57,607,RW,1.3
Pittsburgh Penguins,Brian Dumoulin,1,15,70,1438,D,1.7
Pittsburgh Penguins,Eric Fehr,6,11,52,568,C,0.8
Pittsburgh Penguins,Chad Ruhwedel,2,10,34,589,D,2.1
Pittsburgh Penguins,Carter Rowney,3,7,27,296,RW,0.6
Pittsburgh Penguins,Olli Maatta,1,7,55,994,D,2.3
Pittsburgh Penguins,Mark Streit,1,6,19,325,D,0.6
Pittsburgh Penguins,Cameron Gaunce,1,4,12,150,D,0.6
Pittsburgh Penguins,Josh Archibald,3,3,10,109,RW,0.6
Pittsburgh Penguins,Ron Hainsey,0,3,16,336,D,1
Pittsburgh Penguins,Matthew Murray,0,2,49,2766,G,10.3
Pittsburgh Penguins,Tom Sestito,0,2,13,72,LW,0.1
Pittsburgh Penguins,Steven Oleksy,0,1,11,151,D,0.3
Pittsburgh Penguins,Dominik Simon,0,1,2,26,C,0
Pittsburgh Penguins,David Warsofsky,0,1,7,110,D,-0.1
Pittsburgh Penguins,Mike Condon,0,0,1,20,G,0.1
Pittsburgh Penguins,Frank Corrado,0,0,2,15,D,-0.1
Pittsburgh Penguins,Jean-Sebastien Dea,0,0,1,11,C,0
Pittsburgh Penguins,Marc-Andre Fleury,0,0,38,2125,G,6.4
Pittsburgh Penguins,Tristan Jarry,0,0,1,59,G,0
Pittsburgh Penguins,Kevin Porter,0,0,2,23,C,-0.1
Pittsburgh Penguins,Derrick Pouliot,0,0,11,164,D,-0.3
Pittsburgh Penguins,Oskar Sundqvist,0,0,10,92,C,-0.4
New York Rangers,Mats Zuccarello,15,59,80,1506,RW,6
New York Rangers,J.T. Miller,22,56,82,1342,LW,6.8
New York Rangers,Derek Stepan,17,55,81,1507,C,5.9
New York Rangers,Chris Kreider,28,53,75,1275,LW,6.8
New York Rangers,Kevin Hayes,17,49,76,1258,RW,5.3
New York Rangers,Ryan McDonagh,6,42,77,1876,D,7.8
New York Rangers,Michael Grabner,27,40,76,1071,RW,6.3
New York Rangers,Brady Skjei,5,39,80,1397,D,6.4
New York Rangers,Rick Nash,23,38,67,1103,RW,5
New York Rangers,Mika Zibanejad,14,37,56,956,C,4.2
New York Rangers,Nick Holden,11,34,80,1649,D,6.8
New York Rangers,Jimmy Vesey,16,27,80,1091,LW,2.2
New York Rangers,Jesper Fast,6,21,68,938,RW,1.5
New York Rangers,Pavel Buchnevich,8,20,41,544,RW,2.3
New York Rangers,Oscar Lindberg,8,20,65,704,C,1.8
New York Rangers,Brandon Pirri,8,18,60,737,RW,1.1
New York Rangers,Dan Girardi,4,15,63,1203,D,3.3
New York Rangers,Kevin Klein,3,14,60,1058,D,2.8
New York Rangers,Adam Clendening,2,11,31,490,D,1.9
New York Rangers,Marc Staal,3,10,72,1381,D,2.8
New York Rangers,Matt Puempel,6,9,27,274,LW,0.9
New York Rangers,Brendan Smith,1,4,18,363,D,0.9
New York Rangers,Tanner Glass,1,2,11,120,LW,0.1
New York Rangers,Josh Jooris,1,2,12,103,RW,0.2
New York Rangers,Steven Kampfer,1,2,10,129,D,0.3
New York Rangers,Marek Hrivik,0,2,16,167,LW,-0.2
New York Rangers,Henrik Lundqvist,0,1,57,3240,G,9.1
New York Rangers,Antti Raanta,0,1,30,1617,G,5.4
New York Rangers,Taylor Beck,0,0,2,26,LW,-0.1
New York Rangers,Magnus Hellberg,0,0,2,79,G,0.2
New York Rangers,Nicklas Jensen,0,0,7,65,RW,-0.2
New York Rangers,Dylan McIlrath,0,0,1,9,D,0
New York Rangers,Cristoval Nieves,0,0,1,12,C,-0.1
New York Islanders,John Tavares,28,66,77,1572,C,7.8
New York Islanders,Josh Bailey,13,56,82,1506,RW,5.2
New York Islanders,Anders Lee,34,52,81,1263,LW,7.7
New York Islanders,Nick Leddy,11,46,81,1840,D,7
New York Islanders,Brock Nelson,20,45,81,1268,LW,4.7
New York Islanders,Jason Chimera,20,33,82,1071,LW,4
New York Islanders,Andrew Ladd,23,31,78,1262,LW,3.1
New York Islanders,Ryan Strome,13,30,69,1008,RW,2.6
New York Islanders,Casey Cizikas,8,25,59,821,C,2.6
New York Islanders,Calvin de Haan,5,25,82,1628,D,5.4
New York Islanders,Anthony Beauvillier,9,24,66,859,LW,2.2
New York Islanders,Nikolai Kulemin,12,23,72,995,LW,2.2
New York Islanders,Johnny Boychuk,6,23,66,1368,D,4.8
New York Islanders,Dennis Seidenberg,5,22,73,1418,D,5.8
New York Islanders,Cal Clutterbuck,5,20,66,924,RW,1.2
New York Islanders,Thomas Hickey,4,20,76,1331,D,3.2
New York Islanders,Shane Prince,5,18,50,649,LW,1
New York Islanders,Alan Quine,5,18,61,764,C,1.1
New York Islanders,Travis Hamonic,3,14,49,1002,D,0.6
New York Islanders,Joshua Ho-Sang,4,10,21,346,RW,1
New York Islanders,Adam Pelech,3,10,44,741,D,1.4
New York Islanders,Scott Mayfield,2,9,25,354,D,1.3
New York Islanders,Stephen Gionta,1,6,26,291,RW,0.6
New York Islanders,Thomas Greiss,0,1,51,2813,G,8.6
New York Islanders,Jaroslav Halak,0,1,28,1605,G,5.4
New York Islanders,Mathew Barzal,0,0,2,20,C,-0.1
New York Islanders,Jean-Francois Berube,0,0,14,527,G,0.8
New York Islanders,Connor Jones,0,0,4,47,C,0
New York Islanders,Bracken Kearns,0,0,2,22,C,-0.1
New York Islanders,Ryan Pulock,0,0,1,4,D,0.1
Philadelphia Flyers,Jakub Voracek,20,61,82,1565,RW,5.6
Philadelphia Flyers,Claude Giroux,14,58,82,1568,C,4.9
Philadelphia Flyers,Brayden Schenn,25,55,79,1407,C,6.2
Philadelphia Flyers,Wayne Simmonds,31,54,82,1556,RW,6.3
Philadelphia Flyers,Shayne Gostisbehere,7,39,76,1489,D,5.2
Philadelphia Flyers,Sean Couturier,14,34,66,1217,C,3.9
Philadelphia Flyers,Ivan Provorov,6,30,82,1802,D,5.7
Philadelphia Flyers,Travis Konecny,11,28,70,986,C,2.7
Philadelphia Flyers,Radko Gudas,6,23,67,1293,D,5.5
Philadelphia Flyers,Mark Streit,5,21,49,950,D,3.2
Philadelphia Flyers,Matt Read,10,19,63,869,RW,2
Philadelphia Flyers,Michael Del Zotto,6,18,51,995,D,3.5
Philadelphia Flyers,Andrew MacDonald,2,18,73,1468,D,3.7
Philadelphia Flyers,Nick Cousins,6,16,60,720,C,1.1
Philadelphia Flyers,Dale Weise,8,15,64,824,RW,1.3
Philadelphia Flyers,Chris VandeVelde,6,15,81,936,C,0.7
Philadelphia Flyers,Jordan Weal,8,12,23,329,C,1.9
Philadelphia Flyers,Brandon Manning,3,12,65,1174,D,2.1
Philadelphia Flyers,Michael Raffl,8,11,52,690,LW,0.7
Philadelphia Flyers,Valtteri Filppula,5,8,20,343,C,0.8
Philadelphia Flyers,Pierre-Edouard Bellemare,4,8,82,1064,LW,-0.4
Philadelphia Flyers,Roman Lyubimov,4,6,47,450,LW,0.3
Philadelphia Flyers,Nick Schultz,0,4,28,427,D,1.1
Philadelphia Flyers,Taylor Leier,1,2,10,91,LW,0.1
Philadelphia Flyers,Boyd Gordon,1,1,13,106,C,-0.2
Philadelphia Flyers,Colin McDonald,1,1,3,27,C,0.2
Philadelphia Flyers,Steve Mason,0,1,58,3225,G,8.2
Philadelphia Flyers,Robert Hagg,0,0,1,21,D,0
Philadelphia Flyers,Scott Laughton,0,0,2,20,C,0
Philadelphia Flyers,Samuel Morin,0,0,1,18,D,0
Philadelphia Flyers,Michal Neuvirth,0,0,28,1364,G,1.9
Philadelphia Flyers,Anthony Stolarz,0,0,7,376,G,1.4
Philadelphia Flyers,Mike Vecchione,0,0,2,17,RW,-0.1
Carolina Hurricanes,Jeff Skinner,37,63,79,1401,LW,8.8
Carolina Hurricanes,Sebastian Aho,24,49,82,1377,RW,5.9
Carolina Hurricanes,Victor Rask,16,45,82,1418,C,4.2
Carolina Hurricanes,Jordan Staal,16,45,75,1400,C,4.6
Carolina Hurricanes,Elias Lindholm,11,45,72,1309,C,4.1
Carolina Hurricanes,Teuvo Teravainen,15,42,81,1315,LW,4.1
Carolina Hurricanes,Lee Stempniak,16,40,82,1299,RW,4.3
Carolina Hurricanes,Justin Faulk,17,37,75,1736,D,6.6
Carolina Hurricanes,Jaccob Slavin,5,34,82,1922,D,8.6
Carolina Hurricanes,Derek Ryan,11,29,67,998,C,2.6
Carolina Hurricanes,Noah Hanifin,4,29,81,1452,D,3.8
Carolina Hurricanes,Brett Pesce,2,20,82,1739,D,6.5
Carolina Hurricanes,Brock McGinn,7,16,57,684,LW,1.1
Carolina Hurricanes,Ron Hainsey,4,14,56,1250,D,2.2
Carolina Hurricanes,Viktor Stalberg,9,12,57,667,LW,1.1
Carolina Hurricanes,Joakim Nordstrom,7,12,82,1043,LW,0
Carolina Hurricanes,Jay McClement,5,8,65,740,C,0
Carolina Hurricanes,Phillip Di Giuseppe,1,7,36,443,LW,-0.3
Carolina Hurricanes,Klas Dahlbeck,2,6,43,597,D,0.6
Carolina Hurricanes,Matt Tennyson,0,6,45,598,D,0.3
Carolina Hurricanes,Andrej Nestrasil,1,5,19,207,C,0.2
Carolina Hurricanes,Ryan Murphy,0,2,27,356,D,-0.3
Carolina Hurricanes,Ty Rattie,0,2,5,67,RW,0
Carolina Hurricanes,Lucas Wallmark,0,2,8,87,C,0.1
Carolina Hurricanes,Bryan Bickell,1,1,11,115,LW,-0.1
Carolina Hurricanes,Valentin Zykov,1,1,2,13,LW,0.2
Carolina Hurricanes,Michael Leighton,0,1,4,210,G,0.1
Carolina Hurricanes,Sergey Tolchinsky,0,1,2,23,LW,0.1
Carolina Hurricanes,Cam Ward,0,1,61,3618,G,8.5
Carolina Hurricanes,Jorge Alves,0,0,1,0,G,0
Carolina Hurricanes,Patrick Brown,0,0,14,136,C,-0.5
Carolina Hurricanes,Martin Frk,0,0,2,17,RW,-0.2
Carolina Hurricanes,Eddie Lack,0,0,20,1090,G,2.3
Carolina Hurricanes,Jakub Nakladal,0,0,3,44,D,-0.3
Carolina Hurricanes,Alex Nedeljkovic,0,0,1,30,G,0.3
Carolina Hurricanes,Andrew Poturalski,0,0,2,25,C,-0.2
New Jersey Devils,Kyle Palmieri,26,53,80,1388,RW,7.1
New Jersey Devils,Taylor Hall,20,53,72,1392,LW,5.9
New Jersey Devils,Travis Zajac,14,45,80,1578,C,4.1
New Jersey Devils,Adam Henrique,20,40,82,1490,C,3.9
New Jersey Devils,Mike Cammalleri,10,31,61,1059,LW,2.8
New Jersey Devils,Damon Severson,3,31,80,1628,D,3.4
New Jersey Devils,P.A. Parenteau,13,27,59,884,RW,2.6
New Jersey Devils,Pavel Zacha,8,24,70,1002,C,1.5
New Jersey Devils,John Moore,12,22,63,1196,D,4.7
New Jersey Devils,Beau Bennett,8,19,65,881,RW,1.7
New Jersey Devils,Miles Wood,8,17,60,771,LW,0.9
New Jersey Devils,Andy Greene,4,13,66,1448,D,2.6
New Jersey Devils,Kyle Quincey,4,12,53,988,D,3.3
New Jersey Devils,Jacob Josefson,1,10,38,465,C,0.6
New Jersey Devils,Devante Smith-Pelly,4,9,53,716,RW,-0.3
New Jersey Devils,Joseph Blandisi,3,9,27,361,LW,0.4
New Jersey Devils,Stefan Noesen,6,8,32,411,RW,1.2
New Jersey Devils,Nick Lappin,4,7,43,504,RW,-0.2
New Jersey Devils,Steven Santini,2,7,38,611,D,1.3
New Jersey Devils,Ben Lovejoy,1,7,82,1703,D,2.5
New Jersey Devils,Jonathon Merrill,1,6,51,947,D,1.3
New Jersey Devils,Yohann Auvitu,2,4,25,390,D,1.3
New Jersey Devils,Sergey Kalinin,2,4,43,550,C,-0.6
New Jersey Devils,John Quenneville,1,4,12,164,C,0.4
New Jersey Devils,Vernon Fiddler,1,3,39,477,LW,-0.6
New Jersey Devils,Dalton Prout,0,3,14,209,D,0.2
New Jersey Devils,Karl Stollery,0,3,11,186,D,0.2
New Jersey Devils,Blake Coleman,1,2,23,295,C,-0.4
New Jersey Devils,Reid Boucher,0,2,9,110,LW,0.1
New Jersey Devils,Seth Helgeson,1,1,9,121,D,0.6
New Jersey Devils,Keith Kinkaid,0,1,26,1476,G,4.9
New Jersey Devils,Blake Pietila,0,1,10,130,LW,-0.3
New Jersey Devils,Luke Gazdic,0,0,11,78,LW,-0.2
New Jersey Devils,Michael Kapla,0,0,5,87,D,0
New Jersey Devils,Kevin Rooney,0,0,4,41,C,-0.2
New Jersey Devils,Cory Schneider,0,0,60,3473,G,9.5
New Jersey Devils,Blake Speers,0,0,3,28,C,0
New Jersey Devils,Ben Thomson,0,0,3,33,LW,-0.2
Chicago Blackhawks,Patrick Kane,34,89,82,1754,RW,10.8
Chicago Blackhawks,Artemi Panarin,31,74,82,1597,LW,9.4
Chicago Blackhawks,Jonathan Toews,21,58,72,1451,C,6.3
Chicago Blackhawks,Duncan Keith,6,53,80,2049,D,9.5
Chicago Blackhawks,Marian Hossa,26,45,73,1231,RW,5.8
Chicago Blackhawks,Artem Anisimov,22,45,64,1142,C,5.6
Chicago Blackhawks,Richard Panik,22,44,82,1208,RW,5.6
Chicago Blackhawks,Brent Seabrook,3,39,79,1729,D,6
Chicago Blackhawks,Ryan Hartman,19,31,76,970,LW,4.2
Chicago Blackhawks,Nick Schmaltz,6,28,61,809,LW,2.7
Chicago Blackhawks,Niklas Hjalmarsson,5,18,73,1569,D,4.4
Chicago Blackhawks,Brian Campbell,5,17,80,1474,D,4.3
Chicago Blackhawks,Marcus Kruger,5,17,70,981,C,0.9
Chicago Blackhawks,Tanner Kero,6,16,47,634,RW,1.9
Chicago Blackhawks,Trevor van Riemsdyk,5,16,58,1068,D,4.3
Chicago Blackhawks,Vinnie Hinostroza,6,14,49,587,LW,1.1
Chicago Blackhawks,Dennis Rasmussen,4,8,68,804,C,-0.4
Chicago Blackhawks,Michal Kempny,2,8,50,748,D,1.6
Chicago Blackhawks,Tyler Motte,4,7,33,376,LW,0.6
Chicago Blackhawks,Gustav Forsling,2,5,38,563,D,1.3
Chicago Blackhawks,John Hayden,1,4,12,140,LW,0.4
Chicago Blackhawks,Jordin Tootoo,2,3,50,337,RW,-0.3
Chicago Blackhawks,Michal Rozsival,1,3,22,341,D,0.4
Chicago Blackhawks,Johnny Oduya,1,2,15,278,D,0.3
Chicago Blackhawks,Tomas Jurco,1,1,13,148,LW,-0.2
Chicago Blackhawks,Corey Crawford,0,1,55,3247,G,11
Chicago Blackhawks,Andrew Desjardins,0,1,46,432,LW,-1
Chicago Blackhawks,Spencer Abbott,0,0,1,9,LW,0
Chicago Blackhawks,Scott Darling,0,0,32,1689,G,6.2
Minnesota Wild,Mikael Granlund,26,69,81,1525,C,8.5
Minnesota Wild,Eric Staal,28,65,82,1526,C,8.1
Minnesota Wild,Mikko Koivu,18,58,80,1529,C,6.6
Minnesota Wild,Nino Niederreiter,25,57,82,1236,RW,7.4
Minnesota Wild,Charlie Coyle,18,56,82,1370,C,6.1
Minnesota Wild,Jason Zucker,22,47,79,1208,LW,6.7
Minnesota Wild,Jason Pominville,13,47,78,1110,RW,4.6
Minnesota Wild,Zach Parise,19,42,69,1203,LW,4.3
Minnesota Wild,Ryan Suter,9,40,82,2208,D,9.3
Minnesota Wild,Jared Spurgeon,10,38,76,1827,D,8.9
Minnesota Wild,Mathew Dumba,11,34,76,1545,D,6.9
Minnesota Wild,Erik Haula,15,26,72,995,C,2.8
Minnesota Wild,Jonas Brodin,3,25,68,1331,D,4.1
Minnesota Wild,Chris Stewart,13,21,79,821,RW,2.3
Minnesota Wild,Jordan Schroeder,6,13,37,362,C,1.6
Minnesota Wild,Martin Hanzal,4,13,20,310,C,1.2
Minnesota Wild,Marco Scandella,4,13,71,1302,D,2.3
Minnesota Wild,Tyler Graovac,7,9,52,512,C,1.1
Minnesota Wild,Christian Folin,2,8,51,762,D,2.3
Minnesota Wild,Joel Eriksson Ek,3,7,15,159,LW,0.8
Minnesota Wild,Nate Prosser,2,7,39,496,D,1.2
Minnesota Wild,Ryan White,2,3,19,189,C,-0.2
Minnesota Wild,Zac Dalpe,1,3,9,77,C,0.3
Minnesota Wild,Gustav Olofsson,0,3,13,175,D,0.3
Minnesota Wild,Teemu Pulkkinen,1,1,9,84,LW,0
Minnesota Wild,Mike Reilly,1,1,17,210,D,0.4
Minnesota Wild,Christoph Bertschy,0,1,5,41,C,0
Minnesota Wild,Kurtis Gabriel,0,1,13,76,RW,0
Minnesota Wild,Darcy Kuemper,0,1,18,1053,G,2.6
Minnesota Wild,Patrick Cannone,0,0,3,24,C,0
Minnesota Wild,Devan Dubnyk,0,0,65,3758,G,13.1
Minnesota Wild,Zack Mitchell,0,0,11,93,RW,-0.2
Minnesota Wild,Alex Stalock,0,0,2,119,G,0.5
Minnesota Wild,Alex Tuch,0,0,6,64,RW,-0.3
St. Louis Blues,Vladimir Tarasenko,39,75,82,1515,RW,10.2
St. Louis Blues,Jaden Schwartz,19,55,78,1475,LW,6.4
St. Louis Blues,Alex Steen,16,51,76,1467,LW,5
St. Louis Blues,Alex Pietrangelo,14,48,80,2023,D,9.2
St. Louis Blues,David Perron,18,46,82,1418,LW,4.7
St. Louis Blues,Kevin Shattenkirk,11,42,61,1211,D,6.2
St. Louis Blues,Paul Stastny,18,40,66,1263,C,4.5
St. Louis Blues,Colton Parayko,4,35,81,1717,D,6.7
St. Louis Blues,Patrik Berglund,23,34,82,1311,C,3.9
St. Louis Blues,Robby Fabbri,11,29,51,796,C,2.5
St. Louis Blues,Jori Lehtera,7,22,64,971,C,1.4
St. Louis Blues,Scottie Upshall,10,18,73,802,RW,1.8
St. Louis Blues,Kyle Brodziak,8,15,69,773,C,1.4
St. Louis Blues,Joel Edmundson,3,15,69,1226,D,4.2
St. Louis Blues,Jay Bouwmeester,1,15,81,1815,D,4.1
St. Louis Blues,Magnus Paajarvi,8,13,32,389,LW,2.1
St. Louis Blues,Ryan Reaves,7,13,80,711,RW,1.2
St. Louis Blues,Ivan Barbashev,5,12,30,354,C,1.5
St. Louis Blues,Dmitrij Jaskin,1,11,51,589,RW,0.6
St. Louis Blues,Nail Yakupov,3,9,40,426,RW,0.5
St. Louis Blues,Carl Gunnarsson,0,6,56,761,D,1
St. Louis Blues,Zachary Sanford,2,5,13,159,LW,0.6
St. Louis Blues,Brad Hunt,1,5,9,122,D,0.6
St. Louis Blues,Robert Bortuzzo,1,4,38,535,D,2
St. Louis Blues,Kenny Agostino,1,3,7,89,LW,0.3
St. Louis Blues,Jordan Schmaltz,0,2,9,129,D,0.4
St. Louis Blues,Wade Megan,1,1,3,26,C,0.2
St. Louis Blues,Vladimir Sobotka,1,1,1,17,LW,0.2
St. Louis Blues,Jake Allen,0,1,61,3418,G,9.8
St. Louis Blues,Carter Hutton,0,1,30,1459,G,3.8
St. Louis Blues,Chris Butler,0,0,1,21,D,0
St. Louis Blues,Pheonix Copley,0,0,1,59,G,-0.1
St. Louis Blues,Petteri Lindbohm,0,0,7,91,D,-0.2
St. Louis Blues,Ty Rattie,0,0,4,29,RW,0
Nashville Predators,Viktor Arvidsson,31,61,80,1372,LW,8.7
Nashville Predators,Ryan Johansen,14,61,82,1545,C,5.8
Nashville Predators,Filip Forsberg,31,58,82,1518,LW,7.2
Nashville Predators,Roman Josi,12,49,72,1805,D,8.7
Nashville Predators,Mike Fisher,18,42,72,1196,C,4.7
Nashville Predators,James Neal,23,41,70,1239,RW,4.6
Nashville Predators,P.K. Subban,10,40,66,1611,D,6.1
Nashville Predators,Ryan Ellis,16,38,71,1701,D,8.7
Nashville Predators,Colin Wilson,12,35,70,1047,LW,3.8
Nashville Predators,Calle Jarnkrok,15,31,81,1274,C,2.9
Nashville Predators,Craig Smith,12,29,78,1078,RW,3
Nashville Predators,Mike Ribeiro,4,25,46,735,C,1.8
Nashville Predators,Mattias Ekholm,3,23,82,1924,D,4.6
Nashville Predators,Austin Watson,5,17,77,957,LW,1.4
Nashville Predators,Kevin Fiala,11,16,54,730,LW,1.8
Nashville Predators,Matt Irwin,3,14,74,1204,D,4
Nashville Predators,Colton Sissons,8,10,58,645,C,1.4
Nashville Predators,Yannick Weber,1,8,73,870,D,1.7
Nashville Predators,Anthony Bitetto,0,7,29,342,D,0.9
Nashville Predators,Cody McLeod,4,5,31,258,LW,0.5
Nashville Predators,Harry Zolnierczyk,2,4,24,213,LW,0.2
Nashville Predators,Pontus Aberg,1,2,15,185,LW,-0.1
Nashville Predators,Reid Boucher,1,1,3,26,C,0.2
Nashville Predators,Vernon Fiddler,1,1,20,210,LW,-0.3
Nashville Predators,Matt Carle,0,1,6,79,D,0.1
Nashville Predators,Frederick Gaudreau,0,1,9,78,C,0
Nashville Predators,Derek Grant,0,1,6,52,C,-0.1
Nashville Predators,Brad Hunt,0,1,3,52,D,0.2
Nashville Predators,Marek Mazanec,0,1,4,178,G,-0.2
Nashville Predators,P.A. Parenteau,0,1,8,101,RW,-0.1
Nashville Predators,Juuse Saros,0,1,21,1200,G,4.4
Nashville Predators,Cody Bass,0,0,9,61,C,-0.1
Nashville Predators,Alexandre Carrier,0,0,2,21,D,0.1
Nashville Predators,Petter Granberg,0,0,10,96,D,0.1
Nashville Predators,Vladislav Kamenev,0,0,2,20,LW,-0.1
Nashville Predators,Mike Liambas,0,0,1,5,LW,-0.1
Nashville Predators,Adam Pardy,0,0,4,44,D,-0.1
Nashville Predators,Pekka Rinne,0,0,61,3568,G,11.3
Nashville Predators,Miikka Salomaki,0,0,5,61,RW,-0.1
Nashville Predators,Trevor Smith,0,0,1,7,C,0
Winnipeg Jets,Mark Scheifele,32,82,79,1624,C,10.3
Winnipeg Jets,Blake Wheeler,26,74,82,1652,RW,8.2
Winnipeg Jets,Patrik Laine,36,64,73,1308,RW,8.9
Winnipeg Jets,Nikolaj Ehlers,25,64,82,1434,LW,7.2
Winnipeg Jets,Dustin Byfuglien,13,52,80,2196,D,8.5
Winnipeg Jets,Bryan Little,21,47,59,1036,C,5.3
Winnipeg Jets,Mathieu Perreault,13,45,65,1059,C,4
Winnipeg Jets,Jacob Trouba,8,33,60,1498,D,5.2
Winnipeg Jets,Adam Lowry,15,29,82,1316,C,2.4
Winnipeg Jets,Josh Morrissey,6,20,82,1598,D,3.7
Winnipeg Jets,Joel Armia,10,19,57,863,RW,1.2
Winnipeg Jets,Andrew Copp,9,17,64,790,C,1.7
Winnipeg Jets,Toby Enstrom,1,14,60,1314,D,1.3
Winnipeg Jets,Paul Postma,1,14,65,706,D,2.1
Winnipeg Jets,Drew Stafford,4,13,40,532,RW,0.8
Winnipeg Jets,Nic Petan,1,13,54,589,LW,-0.1
Winnipeg Jets,Shawn Matthias,8,12,45,610,LW,1.1
Winnipeg Jets,Ben Chiarot,2,12,59,904,D,1.9
Winnipeg Jets,Marko Dano,4,11,38,406,C,0.9
Winnipeg Jets,Kyle Connor,2,5,20,244,LW,0
Winnipeg Jets,Tyler Myers,2,5,11,244,D,1.2
Winnipeg Jets,Chris Thorburn,3,4,64,446,RW,-0.4
Winnipeg Jets,Mark Stuart,2,4,42,523,D,1.1
Winnipeg Jets,Brandon Tanev,2,4,51,545,LW,-0.6
Winnipeg Jets,Alexander Burmistrov,0,2,23,254,C,-0.5
Winnipeg Jets,Julian Melchiori,0,2,18,331,D,0.3
Winnipeg Jets,Brian Strait,0,2,5,80,D,0.2
Winnipeg Jets,Eric Comrie,0,0,1,59,G,0.2
Winnipeg Jets,Connor Hellebuyck,0,0,56,3034,G,8.1
Winnipeg Jets,Quinton Howden,0,0,5,43,C,0
Winnipeg Jets,Michael Hutchinson,0,0,28,1378,G,3.2
Winnipeg Jets,Nelson Nogier,0,0,10,117,D,-0.1
Winnipeg Jets,Ondrej Pavelec,0,0,8,440,G,0.7
Winnipeg Jets,Jack Roslovic,0,0,1,8,C,-0.1
Dallas Stars,Tyler Seguin,26,72,82,1514,C,7.5
Dallas Stars,Jamie Benn,26,69,77,1492,LW,7.5
Dallas Stars,Jason Spezza,15,50,68,1100,C,4.5
Dallas Stars,John Klingberg,13,49,80,1868,D,8.1
Dallas Stars,Patrick Eaves,21,37,59,982,RW,4.2
Dallas Stars,Devin Shore,13,33,82,1159,C,2.8
Dallas Stars,Radek Faksa,12,33,80,1294,C,2.4
Dallas Stars,Antoine Roussel,12,27,60,931,LW,2.7
Dallas Stars,Brett Ritchie,16,24,78,1006,RW,3.1
Dallas Stars,Lauri Korpikoski,8,20,60,782,LW,1.9
Dallas Stars,Patrick Sharp,8,18,48,765,LW,0.6
Dallas Stars,Esa Lindell,6,18,73,1597,D,4.2
Dallas Stars,Adam Cracknell,10,16,69,722,RW,1.9
Dallas Stars,Curtis McKenzie,6,16,53,575,LW,1.6
Dallas Stars,Dan Hamhuis,1,16,79,1529,D,2.2
Dallas Stars,Jordie Benn,2,15,58,1079,D,2.2
Dallas Stars,Cody Eakin,3,12,60,1009,C,-0.5
Dallas Stars,Jiri Hudler,3,11,32,379,RW,0.7
Dallas Stars,Stephen Johns,4,10,61,1114,D,1.3
Dallas Stars,Jamie Oleksiak,5,7,41,665,D,1.4
Dallas Stars,Ales Hemsky,4,7,15,216,RW,0.8
Dallas Stars,Remi Elie,1,7,18,281,LW,0.6
Dallas Stars,Johnny Oduya,1,7,37,672,D,1.1
Dallas Stars,Gemel Smith,3,6,17,231,C,0.5
Dallas Stars,Julius Honka,1,5,16,270,D,0.5
Dallas Stars,Patrik Nemeth,0,3,40,631,D,0.3
Dallas Stars,Greg Pateryn,0,3,12,210,D,0.3
Dallas Stars,Jason Dickinson,2,2,10,118,C,0.1
Dallas Stars,Justin Dowling,0,2,9,94,C,0
Dallas Stars,Kari Lehtonen,0,1,59,3177,G,7.1
Dallas Stars,Denis Gurianov,0,0,1,13,RW,-0.1
Dallas Stars,Mark McNeill,0,0,1,14,RW,-0.1
Dallas Stars,Antti Niemi,0,0,37,1729,G,3
Colorado Avalanche,Nathan MacKinnon,16,53,82,1635,C,4.8
Colorado Avalanche,Matt Duchene,18,41,77,1409,C,3.1
Colorado Avalanche,Mikko Rantanen,20,39,75,1354,RW,3.6
Colorado Avalanche,Tyson Barrie,7,38,74,1725,D,4.4
Colorado Avalanche,Gabriel Landeskog,18,33,72,1352,LW,2.7
Colorado Avalanche,Mikhail Grigorenko,10,23,75,1057,C,1.6
Colorado Avalanche,Blake Comeau,8,20,77,1154,LW,0.7
Colorado Avalanche,Rene Bourque,12,18,65,906,RW,1.2
Colorado Avalanche,Jarome Iginla,8,18,61,900,RW,0.7
Colorado Avalanche,Francois Beauchemin,5,18,81,1743,D,3.7
Colorado Avalanche,Erik Johnson,2,17,46,1016,D,2.9
Colorado Avalanche,Sven Andrighetto,5,15,19,332,RW,1.8
Colorado Avalanche,Carl Soderberg,6,14,80,1076,C,-0.4
Colorado Avalanche,Fedor Tyutin,1,13,69,1307,D,1.2
Colorado Avalanche,Patrick Wiercioch,4,12,57,950,D,1.5
Colorado Avalanche,Matthew Nieto,7,11,43,685,LW,0.6
Colorado Avalanche,Nikita Zadorov,0,10,56,1066,D,0.8
Colorado Avalanche,Mark Barberio,2,9,34,702,D,1.6
Colorado Avalanche,Joe Colborne,4,8,62,663,C,-0.5
Colorado Avalanche,Andreas Martinsen,3,7,55,530,LW,-0.1
Colorado Avalanche,John Mitchell,3,7,65,816,C,-0.6
Colorado Avalanche,J.T. Compher,3,5,21,314,LW,0.4
Colorado Avalanche,Cody Goloubef,0,5,33,561,D,0.4
Colorado Avalanche,Calvin Pickard,0,2,50,2820,G,7.1
Colorado Avalanche,Samuel Henley,1,1,1,5,C,0.3
Colorado Avalanche,Tyson Jost,1,1,6,94,C,-0.1
Colorado Avalanche,Cody McLeod,1,1,28,165,LW,-0.1
Colorado Avalanche,Eric Gelinas,0,1,27,313,D,0.2
Colorado Avalanche,A.J. Greer,0,1,5,68,LW,-0.1
Colorado Avalanche,Rocco Grimaldi,0,1,4,44,C,-0.1
Colorado Avalanche,Semyon Varlamov,0,1,24,1348,G,3.1
Colorado Avalanche,Gabriel Bourque,0,0,6,67,LW,-0.1
Colorado Avalanche,Anton Lindholm,0,0,12,177,D,-0.4
Colorado Avalanche,Spencer Martin,0,0,3,179,G,0
Colorado Avalanche,Duncan Siemens,0,0,3,37,D,-0.1
Colorado Avalanche,Ben Smith,0,0,4,43,RW,-0.1
Colorado Avalanche,Jeremy Smith,0,0,10,543,G,0.8
San Jose Sharks,Brent Burns,29,76,82,2039,D,15.3
San Jose Sharks,Joe Pavelski,29,68,81,1549,C,8.7
San Jose Sharks,Logan Couture,25,52,73,1285,C,6.9
San Jose Sharks,Joe Thornton,7,50,79,1427,C,4.3
San Jose Sharks,Patrick Marleau,27,46,82,1407,LW,6
San Jose Sharks,Joel Ward,10,29,78,1244,RW,2.2
San Jose Sharks,Marc-Edouard Vlasic,6,28,75,1593,D,5.8
San Jose Sharks,Mikkel Boedker,10,26,81,1162,LW,2.1
San Jose Sharks,Paul Martin,4,26,81,1557,D,5.8
San Jose Sharks,Chris Tierney,11,23,80,1168,C,1.9
San Jose Sharks,Melker Karlsson,11,22,67,858,C,2.6
San Jose Sharks,Tomas Hertl,10,22,49,844,C,1.9
San Jose Sharks,Kevin Labanc,8,20,55,752,RW,2.3
San Jose Sharks,David Schlemko,2,18,62,1038,D,3.7
San Jose Sharks,Joonas Donskoi,6,17,61,842,RW,1
San Jose Sharks,Justin Braun,4,13,81,1626,D,3.7
San Jose Sharks,Micheal Haley,2,12,58,532,C,1
San Jose Sharks,Brenden Dillon,2,10,81,1334,D,2.6
San Jose Sharks,Tommy Wingels,5,8,37,372,C,0.8
San Jose Sharks,Dylan DeMelo,1,8,25,397,D,1.6
San Jose Sharks,Jannik Hansen,2,7,15,233,RW,0.6
San Jose Sharks,Timo Meier,3,6,34,424,RW,0.4
San Jose Sharks,Ryan Carpenter,2,4,11,114,C,0.7
San Jose Sharks,Marcus Sorensen,1,4,19,205,RW,0.2
San Jose Sharks,Mirco Mueller,1,2,4,38,D,0.5
San Jose Sharks,Matthew Nieto,0,2,16,195,LW,-0.2
San Jose Sharks,Daniel O'Regan,1,1,3,35,C,0.1
San Jose Sharks,Barclay Goodrow,0,1,3,34,RW,0.1
San Jose Sharks,Aaron Dell,0,0,20,1111,G,4.2
San Jose Sharks,Nikolay Goldobin,0,0,2,20,LW,-0.1
San Jose Sharks,Tim Heed,0,0,1,16,D,0
San Jose Sharks,Martin Jones,0,0,65,3800,G,9.9
Anaheim Ducks,Ryan Getzlaf,15,73,74,1559,C,7.6
Anaheim Ducks,Ryan Kesler,22,58,82,1747,C,6.5
Anaheim Ducks,Corey Perry,19,53,82,1453,RW,5.8
Anaheim Ducks,Rickard Rakell,33,51,71,1234,C,7.8
Anaheim Ducks,Jakob Silfverberg,23,49,79,1460,RW,6.1
Anaheim Ducks,Cam Fowler,11,39,80,1988,D,8.3
Anaheim Ducks,Andrew Cogliano,16,35,82,1241,LW,4.2
Anaheim Ducks,Nick Ritchie,14,28,77,1000,LW,3.2
Anaheim Ducks,Antoine Vermette,9,28,72,1145,C,2
Anaheim Ducks,Sami Vatanen,3,24,71,1538,D,4.9
Anaheim Ducks,Hampus Lindholm,6,20,66,1482,D,5.6
Anaheim Ducks,Josh Manson,5,17,82,1527,D,5.3
Anaheim Ducks,Ondrej Kase,5,15,53,625,RW,1.2
Anaheim Ducks,Patrick Eaves,11,14,20,314,RW,2.6
Anaheim Ducks,Kevin Bieksa,3,14,81,1519,D,3.5
Anaheim Ducks,Joseph Cramarossa,4,10,49,481,LW,0.8
Anaheim Ducks,Logan Shaw,3,10,55,534,RW,0.7
Anaheim Ducks,Shea Theodore,2,9,34,589,D,1.4
Anaheim Ducks,Chris Wagner,6,7,43,402,C,0.9
Anaheim Ducks,Korbinian Holzer,2,7,32,432,D,1.5
Anaheim Ducks,Brandon Montour,2,6,27,469,D,2.3
Anaheim Ducks,Ryan Garbutt,2,3,27,247,LW,0
Anaheim Ducks,Clayton Stoner,1,3,14,246,D,0.7
Anaheim Ducks,Jared Boll,0,3,51,297,RW,-0.3
Anaheim Ducks,Stefan Noesen,2,2,12,79,RW,0.4
Anaheim Ducks,Nate Thompson,1,2,30,312,C,0
Anaheim Ducks,Michael Sgarbossa,0,2,9,85,C,0
Anaheim Ducks,John Gibson,0,1,52,2950,G,10.3
Anaheim Ducks,Nick Sorensen,0,1,5,54,RW,0
Anaheim Ducks,Jonathan Bernier,0,0,39,1993,G,6
Anaheim Ducks,Simon Despres,0,0,1,16,D,0
Anaheim Ducks,Emerson Etem,0,0,3,26,LW,0
Anaheim Ducks,Nicolas Kerdiles,0,0,1,11,LW,0
Anaheim Ducks,Kalle Kossila,0,0,1,7,LW,0
Anaheim Ducks,Jacob Larsson,0,0,4,66,D,0
Anaheim Ducks,Jaycob Megna,0,0,1,15,D,0.1
Anaheim Ducks,Mason Raymond,0,0,4,36,LW,-0.1
Anaheim Ducks,Dustin Tokarski,0,0,1,10,G,0.1
Anaheim Ducks,Corey Tropp,0,0,1,9,RW,-0.1
Calgary Flames,Johnny Gaudreau,18,61,72,1331,LW,6.1
Calgary Flames,Sean Monahan,27,58,82,1441,C,6.9
Calgary Flames,Mikael Backlund,22,53,81,1426,C,6.2
Calgary Flames,Dougie Hamilton,13,50,81,1594,D,9.5
Calgary Flames,Matthew Tkachuk,13,48,76,1114,LW,5.4
Calgary Flames,Michael Frolik,17,44,82,1401,RW,4.9
Calgary Flames,Mark Giordano,12,39,81,1910,D,9.4
Calgary Flames,Kris Versteeg,15,37,69,1016,RW,3.9
Calgary Flames,T.J. Brodie,6,36,82,1934,D,5.3
Calgary Flames,Sam Bennett,13,26,81,1214,C,1.6
Calgary Flames,Micheal Ferland,15,25,76,879,LW,2.9
Calgary Flames,Troy Brouwer,13,25,74,1200,RW,1.7
Calgary Flames,Alex Chiasson,12,24,81,1084,RW,1.9
Calgary Flames,Matt Stajan,6,23,81,1027,C,1.6
Calgary Flames,Dennis Wideman,5,18,57,1153,D,3.2
Calgary Flames,Deryk Engelland,4,16,81,1485,D,3.9
Calgary Flames,Lance Bouma,3,7,61,692,C,-0.1
Calgary Flames,Michael Stone,2,6,19,358,D,1.7
Calgary Flames,Jyrki Jokipakka,1,6,38,548,D,1.1
Calgary Flames,Garnet Hathaway,1,5,26,238,RW,0.3
Calgary Flames,Curtis Lazar,1,3,4,47,RW,0.4
Calgary Flames,Brett Kulak,0,3,21,299,D,0.4
Calgary Flames,Freddie Hamilton,2,2,26,254,C,-0.1
Calgary Flames,Matt Bartkowski,1,2,24,369,D,0.4
Calgary Flames,Hunter Shinkaruk,0,1,7,74,LW,-0.1
Calgary Flames,Rasmus Andersson,0,0,1,19,D,-0.1
Calgary Flames,Brian Elliott,0,0,49,2844,G,7.3
Calgary Flames,Jon Gillies,0,0,1,60,G,0.3
Calgary Flames,Nicklas Grossmann,0,0,3,39,D,-0.3
Calgary Flames,Mark Jankowski,0,0,1,10,C,0
Calgary Flames,Chad Johnson,0,0,36,2013,G,5.4
Calgary Flames,David Rittich,0,0,1,20,G,0
Calgary Flames,Linden Vey,0,0,4,44,RW,-0.2
Calgary Flames,Tyler Wotherspoon,0,0,4,44,D,-0.1
Edmonton Oilers,Connor McDavid,30,100,82,1733,C,12.8
Edmonton Oilers,Leon Draisaitl,29,77,82,1548,C,9.6
Edmonton Oilers,Jordan Eberle,20,51,82,1375,RW,5.7
Edmonton Oilers,Milan Lucic,23,50,82,1407,LW,5.7
Edmonton Oilers,Ryan Nugent-Hopkins,18,43,82,1451,C,4
Edmonton Oilers,Patrick Maroon,27,42,81,1356,LW,6
Edmonton Oilers,Oscar Klefbom,12,38,82,1834,D,7.6
Edmonton Oilers,Mark Letestu,16,35,78,1111,C,3.7
Edmonton Oilers,Andrej Sekera,8,35,80,1719,D,7.3
Edmonton Oilers,Zack Kassian,7,24,79,972,RW,2
Edmonton Oilers,Adam Larsson,4,19,79,1592,D,5.5
Edmonton Oilers,Drake Caggiula,7,18,60,794,LW,1.6
Edmonton Oilers,Matt Benning,3,15,62,1030,D,3.5
Edmonton Oilers,Benoit Pouliot,8,14,67,942,LW,0.6
Edmonton Oilers,Kris Russell,1,13,68,1443,D,3.1
Edmonton Oilers,Tyler Pitlick,8,11,31,308,RW,1.6
Edmonton Oilers,Darnell Nurse,5,11,44,749,D,2.4
Edmonton Oilers,Anton Slepyshev,4,10,41,456,LW,1
Edmonton Oilers,Jesse Puljujarvi,1,8,28,315,RW,0.7
Edmonton Oilers,Matt Hendricks,4,7,42,451,LW,0.3
Edmonton Oilers,Eric Gryba,2,6,40,646,D,1
Edmonton Oilers,David Desharnais,2,4,18,204,C,0.3
Edmonton Oilers,Iiro Pakarinen,2,4,14,125,RW,0.5
Edmonton Oilers,Anton Lander,1,4,22,215,C,0.3
Edmonton Oilers,Mark Fayne,0,2,4,32,D,0.3
Edmonton Oilers,Jujhar Khaira,1,1,10,93,LW,0.1
Edmonton Oilers,Brandon Davidson,0,1,28,431,D,0.5
Edmonton Oilers,Taylor Beck,0,0,3,18,LW,-0.1
Edmonton Oilers,Laurent Brossoit,0,0,8,332,G,1.2
Edmonton Oilers,Jonas Gustavsson,0,0,7,329,G,0.2
Edmonton Oilers,Jordan Oesterle,0,0,2,35,D,-0.1
Edmonton Oilers,Dillon Simpson,0,0,3,33,D,0
Edmonton Oilers,Cam Talbot,0,0,73,4294,G,14
Los Angeles Kings,Jeff Carter,32,66,82,1479,C,9
Los Angeles Kings,Anze Kopitar,12,52,76,1578,C,4.6
Los Angeles Kings,Tanner Pearson,24,44,80,1306,LW,6
Los Angeles Kings,Drew Doughty,12,44,82,2226,D,10.5
Los Angeles Kings,Alec Martinez,9,39,82,1775,D,6.8
Los Angeles Kings,Dustin Brown,14,36,80,1280,RW,3.7
Los Angeles Kings,Tyler Toffoli,16,34,63,1045,C,4.4
Los Angeles Kings,Jake Muzzin,9,28,82,1828,D,5.4
Los Angeles Kings,Trevor Lewis,12,24,82,1170,C,2.2
Los Angeles Kings,Nic Dowd,6,22,70,872,C,1.3
Los Angeles Kings,Marian Gaborik,10,21,56,828,RW,2.2
Los Angeles Kings,Derek Forbort,2,18,82,1650,D,5.6
Los Angeles Kings,Nick Shore,6,17,70,895,C,1.3
Los Angeles Kings,Dwight King,8,15,63,945,LW,1.3
Los Angeles Kings,Kyle Clifford,6,12,73,783,LW,0.9
Los Angeles Kings,Devin Setoguchi,4,12,45,560,RW,0.8
Los Angeles Kings,Jarome Iginla,6,9,19,310,RW,0.9
Los Angeles Kings,Jordan Nolan,4,8,46,499,C,0.5
Los Angeles Kings,Paul Ladue,0,8,22,339,D,1
Los Angeles Kings,Kevin Gravel,1,7,49,693,D,2.3
Los Angeles Kings,Adrian Kempe,2,6,25,306,LW,0.4
Los Angeles Kings,Tom Gilbert,1,5,18,278,D,0.8
Los Angeles Kings,Brayden McNabb,2,4,49,738,D,2
Los Angeles Kings,Matt Greene,1,2,26,343,D,1.2
Los Angeles Kings,Andy Andreoff,0,2,36,381,LW,-0.4
Los Angeles Kings,Jonny Brodzinski,0,2,6,74,C,0.2
Los Angeles Kings,Teddy Purcell,0,2,12,155,LW,0
Los Angeles Kings,Peter Budaj,0,1,53,3029,G,8.1
Los Angeles Kings,Ben Bishop,0,0,7,410,G,0.7
Los Angeles Kings,Jack Campbell,0,0,1,20,G,0.1
Los Angeles Kings,Jonathan Quick,0,0,17,931,G,2.7
Los Angeles Kings,Jeff Zatkoff,0,0,13,550,G,0.4
Vancouver Canucks,Bo Horvat,20,52,81,1461,C,5.7
Vancouver Canucks,Henrik Sedin,15,51,82,1561,C,4
Vancouver Canucks,Daniel Sedin,15,44,82,1508,LW,3.8
Vancouver Canucks,Sven Baertschi,18,35,68,1080,LW,4.1
Vancouver Canucks,Brandon Sutter,17,34,81,1523,C,2.7
Vancouver Canucks,Markus Granlund,19,32,69,1194,C,3.2
Vancouver Canucks,Loui Eriksson,11,24,65,1214,LW,1.8
Vancouver Canucks,Troy Stecher,3,24,71,1419,D,3.7
Vancouver Canucks,Alexander Edler,6,21,68,1653,D,3.6
Vancouver Canucks,Alexandre Burrows,9,20,55,823,RW,1.9
Vancouver Canucks,Ben Hutton,5,19,71,1455,D,2.9
Vancouver Canucks,Jannik Hansen,6,13,28,458,RW,1.5
Vancouver Canucks,Luca Sbisa,2,13,82,1556,D,3.7
Vancouver Canucks,Chris Tanev,2,10,53,1078,D,3.1
Vancouver Canucks,Jack Skille,5,9,55,484,RW,0.9
Vancouver Canucks,Nikita Tryamkin,2,9,66,1105,D,2.2
Vancouver Canucks,Michael Chaput,4,8,68,750,C,-0.3
Vancouver Canucks,Jayson Megna,4,8,58,721,C,0.1
Vancouver Canucks,Reid Boucher,5,7,27,329,LW,0.6
Vancouver Canucks,Erik Gudbranson,1,6,30,610,D,0.5
Vancouver Canucks,Philip Larsen,1,6,26,428,D,0.7
Vancouver Canucks,Brock Boeser,4,5,9,146,RW,0.8
Vancouver Canucks,Brendan Gaunce,0,5,57,541,LW,-0.3
Vancouver Canucks,Derek Dorsett,1,4,14,139,RW,0.1
Vancouver Canucks,Nikolay Goldobin,3,3,12,140,RW,0.5
Vancouver Canucks,Alex Biega,0,3,36,474,D,0.7
Vancouver Canucks,Drew Shore,0,2,14,168,C,-0.1
Vancouver Canucks,Ryan Miller,0,1,54,3212,G,10.3
Vancouver Canucks,Anton Rodin,0,1,3,27,RW,0.1
Vancouver Canucks,Jake Virtanen,0,1,10,101,RW,0
Vancouver Canucks,Richard Bachman,0,0,5,295,G,1.1
Vancouver Canucks,Joseph Cramarossa,0,0,10,106,LW,-0.2
Vancouver Canucks,Alexandre Grenier,0,0,3,19,RW,-0.1
Vancouver Canucks,Joseph Labate,0,0,13,88,C,-0.2
Vancouver Canucks,Jacob Markstrom,0,0,26,1417,G,3.8
Vancouver Canucks,Evan McEneny,0,0,1,15,D,-0.1
Vancouver Canucks,Griffen Molino,0,0,5,53,C,-0.2
Vancouver Canucks,Borna Rendulic,0,0,1,5,RW,0
Vancouver Canucks,Michael Zalewski,0,0,1,8,LW,-0.1
Arizona Coyotes,Radim Vrbata,20,55,81,1369,RW,5.3
Arizona Coyotes,Oliver Ekman-Larsson,12,39,79,1945,D,5.6
Arizona Coyotes,Max Domi,9,38,59,1002,LW,3.2
Arizona Coyotes,Alex Goligoski,6,36,82,1913,D,5.9
Arizona Coyotes,Tobias Rieder,16,34,80,1385,RW,3
Arizona Coyotes,Christian Dvorak,15,33,78,1218,LW,3.6
Arizona Coyotes,Shane Doan,6,27,74,1114,RW,1.7
Arizona Coyotes,Martin Hanzal,16,26,51,948,C,2.5
Arizona Coyotes,Jordan Martinook,11,25,77,1207,LW,1.7
Arizona Coyotes,Brendan Perlini,14,21,57,846,LW,2.3
Arizona Coyotes,Jakob Chychrun,7,20,68,1133,D,3
Arizona Coyotes,Jamie McGinn,9,17,72,948,LW,0.4
Arizona Coyotes,Connor Murphy,2,17,77,1477,D,2.5
Arizona Coyotes,Anthony Duclair,5,15,58,771,LW,0.7
Arizona Coyotes,Alexander Burmistrov,5,14,26,400,C,1.4
Arizona Coyotes,Anthony DeAngelo,5,14,39,667,D,1.7
Arizona Coyotes,Ryan White,7,13,46,504,C,1.1
Arizona Coyotes,Lawson Crouse,5,12,72,856,LW,-0.3
Arizona Coyotes,Peter Holland,5,11,40,526,C,0.3
Arizona Coyotes,Josh Jooris,3,10,42,555,RW,0.4
Arizona Coyotes,Brad Richardson,5,9,16,246,RW,1.1
Arizona Coyotes,Michael Stone,1,9,45,910,D,1.6
Arizona Coyotes,Luke Schenn,1,8,78,1408,D,1.7
Arizona Coyotes,Christian Fischer,3,3,7,86,RW,0.5
Arizona Coyotes,Laurent Dauphin,2,3,24,262,C,0
Arizona Coyotes,Clayton Keller,0,2,3,38,LW,0
Arizona Coyotes,Teemu Pulkkinen,1,1,4,39,LW,0.1
Arizona Coyotes,Kevin Connauton,0,1,24,315,D,0.4
Arizona Coyotes,Tyler Gaudet,0,1,4,52,C,0
Arizona Coyotes,Dylan Strome,0,1,7,96,C,-0.3
Arizona Coyotes,Louis Domingue,0,0,31,1599,G,4.6
Arizona Coyotes,Marek Langhamer,0,0,1,16,G,0
Arizona Coyotes,Jamie McBain,0,0,3,50,D,0
Arizona Coyotes,Zbynek Michalek,0,0,3,53,D,0.1
Arizona Coyotes,Justin Peters,0,0,3,133,G,0.3
Arizona Coyotes,Mike Smith,0,0,55,3202,G,10.9